{
	"size": [
		100,
		1000,
		10000,
		100000,
		1000000
	],
	"Sieve": [
		0.0002202501054853201,
		1.6040867194533348e-05,
		0.00011612498201429844,
		0.0010569170117378235,
		0.011054749833419919
	],
	"IntSieve": [
		1.795799471437931e-05,
		0.0002026669681072235,
		0.007421791087836027,
		0.5530140828341246,
		60.09357604198158
	],
	"SetSieve": [
		3.2499898225069046e-05,
		8.208304643630981e-05,
		0.0008759999182075262,
		0.010142415994778275,
		0.1988552080001682
	]
}